seat %,votes %,year
43.43434343,45.95667813,2000
41.41414141,44.83578583,2002
39.39393939,47.64744468,2004
47.47474747,52.69432843,2006
52.52525253,55.7689958,2008
