diff. in votes,eff. gap
2.52233469075,2.24935811653
3.42164441546,0.85400672299
8.25350528629,6.98615445564
5.21958095687,11.4443847471
3.24374327525,11.1360940154
