diff. in votes,eff. gap
8.43288289701,7.6933123997
11.0819704525,7.72520681031
17.1496694005,12.2811767159
12.0040700645,11.7134422906
8.04859234736,7.15936216172
